{
    "variables" : {
        "region" : "us-east-1"
    },
    "builders" : [
        {
            "type" : "amazon-ebs",
            "profile" : "default",
            "region" : "{{user `region`}}",
            "instance_type" : "t2.micro",
            "source_ami" : "ami-6871a115",
            "ssh_username" : "ec2-user",
            "ami_name" : "eip-rhel-ami-{{timestamp}}",
            "ami_description" : "RHEL7.5 EIP AMI built with packer",
            "subnet_id" : "subnet-023abedf01c1380e5",
            "launch_block_device_mappings": [
                {
                "device_name": "/dev/sda1",
                "volume_size": 40,
                "volume_type": "gp2",
                "delete_on_termination": true
                }
             ],
            "encrypt_boot" : true,
            "kms_key_id" : "e7514467-2aba-4209-9b3f-38395b62953d",
            "run_volume_tags" : {
                "Name" : "eip-rhel-ami",
                "SnowChargeCode" : "050060-TMCC0761"
                },
            "run_tags" : {
                "Name" : "eip-rhel-ami",
                "Createdby" : "Packer",
                "SnowChargeCode" : "050060-TMCC0761",
                "OS_Version" : "RHEL 7.5",
                "SourceAMI" : "{{ .SourceAMI}} - {{ .SourceAMIName }}"
            }
        }
    ],
    "provisioners" : [
        {
            "type" : "shell",
            "script" : "./eip-rhel-ami-build.sh"
        }
    ]
}
